name,creator,sequence,Direction,description,TM,date,GC,length,template_id,template_description
oJL001,James Lucas,gcatCGTCTCaAGCAGGTCTCaTATGGAGGCCGAGCG,F,Chain 1 C-linked; 1F10 chain B; part type 3a,60,,,,,1F10 chain 1/B
oJL002,James Lucas,atgcCGTCTCaGGTCTCaAGAACTGCCGCTGCCGCTACCTTCTAGAAGTTGTAAGCGGTCCTTGG,R,Chain 1 C-linked; 1F10 chain B; part type 3a,60,,,,,1F10 chain 1/B
oJL003,James Lucas,gcatCGTCTCaAGCAGGTCTCATTCTGAGGCCGAGCG,F,Chain 1 N-linked; 1F10 chain B; part type 3b,60,,,,,1F10 chain 1/B
oJL004,James Lucas,atgcCGTCTCaGGTCTCaGGATttaTTCTAGAAGTTGTAAGCGGTCCTTGG,R,Chain 1 N-linked; 1F10 chain B; part type 3b,60,,,,,1F10 chain 1/B
oJL005,James Lucas,gcatCGTCTCaAGCAGGTCTCaTATGCAAGTGGATATGCTGCTCCAGGA,F,Chain 2 C-linked; 1F10 chain H; part type 3a,60,,,,,1F10 chain 2/H
oJL006,James Lucas,atgcCGTCTCaGGTCTCaAGAACTGCCGCTGCCGCTACCATCCCGAAGGCGGGCC,R,Chain 2 C-linked; 1F10 chain H; part type 3a,60,,,,,1F10 chain 2/H
oJL007,James Lucas,gcatCGTCTCaAGCAGGTCTCATTCTCAAGTGGATATGCTGCTCCAGGA,F,Chain 2 N-linked; 1F10 chain H; part type 3b,60,,,,,1F10 chain 2/H
oJL008,James Lucas,atgcCGTCTCaGGTCTCaGGATttaATCCCGAAGGCGGGCC,R,Chain 2 N-linked; 1F10 chain H; part type 3b,60,,,,,1F10 chain 2/H
oJL009,James Lucas,gcatCGTCTCaAGCAGGTCTCATTCTGGCGTCATGACTGATGTCCACC,F,Chain 1 N-linked; 1F11 chain A; part type 3b,60,,,,,1F11 chain 1/A
oJL0010,James Lucas,atgcCGTCTCaGGTCTCaGGATttaCTCAGGGTCGAAGACTTTTGGGAT,R,Chain 1 N-linked; 1F11 chain A; part type 3b,60,,,,,1F11 chain 1/A
oJL0011,James Lucas,gcatCGTCTCaAGCAGGTCTCATTCTGGGCCCAGGAGCCAGAA,F,Chain 2 N-linked; 1F11 chain B; part type 3b,60,,,,,1F11 chain 2/B
oJL0012,James Lucas,atgcCGTCTCaGGTCTCaGGATttaTCTGGCCCTGTTCTCCTCATC,R,Chain 2 N-linked; 1F11 chain B; part type 3b,60,,,,,1F11 chain 2/B
oJL0013,James Lucas,gcatCGTCTCaAGCAGGTCTCaTATGGGGCCCAGGAGCCAGAA,F,Chain 2 C-linked; 1F11 chain B; part type 3a,60,,,,,1F11 chain 2/B
oJL0014,James Lucas,atgcCGTCTCaGGTCTCaAGAACTGCCGCTGCCGCTACCTCTGGCCCTGTTCTCCTCATC,R,Chain 2 C-linked; 1F11 chain B; part type 3a,60,,,,,1F11 chain 2/B
oJL0015,James Lucas,gcatCGTCTCaAGCAGGTCTCaTATGTGGAACAGTGGATTCGAAAGCTATGG,F,Chain 1 C-linked; 1F12 chain B; part type 3a,60,,,,,1F12 chain 1/B
oJL0016,James Lucas,atgcCGTCTCaGGTCTCaAGAACTGCCGCTGCCGCTACCTTCTGCATCTGTGGATTTAAAATGGTCATC,R,Chain 1 C-linked; 1F12 chain B; part type 3a,60,,,,,1F12 chain 1/B
oJL0017,James Lucas,gcatCGTCTCaAGCAGGTCTCaTATGGTGGACATGATGGACTTGCCCAG,F,Chain 2 C-linked; 1F12 chain F; part type 3a,60,,,,,1F12 chain 2/F
oJL0018,James Lucas,atgcCGTCTCaGGTCTCaAGAACTGCCGCTGCCGCTACCATCATGTTGCACAATCCCTAAAGGATAAAAC,R,Chain 2 C-linked; 1F12 chain F; part type 3a,60,,,,,1F12 chain 2/F
oJL0019,James Lucas,gcatCGTCTCaAGCAGGTCTCATTCTGGCTCCCACATGGTGCTGT,F,Chain 1 N-linked; 1G1 chain B; part type 3b,60,,,,,1G1 chain 1/B
oJL0020,James Lucas,atgcCGTCTCaGGTCTCaGGATttaACGGTATTTGGAGGTCAGCACG,R,Chain 1 N-linked; 1G1 chain B; part type 3b,60,,,,,1G1 chain 1/B
oJL0021,James Lucas,gcatCGTCTCaAGCAGGTCTCaTATGGGCTCCCACATGGTGCTGT,F,Chain 1 C-linked; 1G1 chain B; part type 3a,60,,,,,1G1 chain 1/B
oJL0022,James Lucas,atgcCGTCTCaGGTCTCaAGAACTGCCGCTGCCGCTACCACGGTATTTGGAGGTCAGCACG,R,Chain 1 C-linked; 1G1 chain B; part type 3a,60,,,,,1G1 chain 1/B
oJL0023,James Lucas,gcatCGTCTCaAGCAGGTCTCaTATGGCTCTTCTTAAGGCCAATAAGGATCTCAT,F,Chain 2 C-linked; 1G1 chain C; part type 3a,60,,,,,1G1 chain 2/C
oJL0024,James Lucas,atgcCGTCTCaGGTCTCaAGAACTGCCGCTGCCGCTACCAGACTTCAGGAAGTCCCTGTACTTG,R,Chain 2 C-linked; 1G1 chain C; part type 3a,60,,,,,1G1 chain 2/C
oJL0025,James Lucas,gcatCGTCTCaAGCAGGTCTCATTCTTCGCAGAATTTAACAGAGGAACAAATTGC,F,Chain 1 N-linked; 1G2 chain D; part type 3b,60,,,,,1G2 chain 1/D
oJL0026,James Lucas,atgcCGTCTCaGGTCTCaGGATttaTTTGGATAGAAGGGCAGCAAATTGTTT,R,Chain 1 N-linked; 1G2 chain D; part type 3b,60,,,,,1G2 chain 1/D
oJL0027,James Lucas,gcatCGTCTCaAGCAGGTCTCATTCTAGAGGTCCCTATTTCGAACGCC,F,Chain 2 N-linked; 1G2 chain H; part type 3b,60,,,,,1G2 chain 2/H
oJL0028,James Lucas,atgcCGTCTCaGGTCTCaGGATttaCCAAGATATACGCCCGCTGCTA,R,Chain 2 N-linked; 1G2 chain H; part type 3b,60,,,,,1G2 chain 2/H
